{
  "average_memory_mb": 0.016060965401785716,
  "peak_memory_mb": 1815.0859375,
  "average_latency_ms": 8119.448823056051,
  "average_throughput_tokens_per_sec": 1102.696449959359,
  "total_throughput_tokens_per_sec": 1068.9215192518318,
  "total_tokens": 3888216,
  "total_time_sec": 3637.5130727291107,
  "batch_size": 4,
  "num_batches": 448
}