{
  "average_memory_mb": 0.0102418903803132,
  "peak_memory_mb": 1193.1875,
  "average_latency_ms": 28386.588325969857,
  "average_throughput_tokens_per_sec": 604.2411486789431,
  "total_throughput_tokens_per_sec": 320.47076189301373,
  "total_tokens": 4066391,
  "total_time_sec": 12688.804981708527,
  "batch_size": 4,
  "num_batches": 447
}