{
  "average_memory_mb": 0.039454868861607144,
  "peak_memory_mb": 1792.296875,
  "average_latency_ms": 9812.263742089272,
  "average_throughput_tokens_per_sec": 906.140807978767,
  "total_throughput_tokens_per_sec": 887.497028168962,
  "total_tokens": 3901343,
  "total_time_sec": 4395.894156455994,
  "batch_size": 4,
  "num_batches": 448
}