{
  "average_memory_mb": 0.0037841796875,
  "peak_memory_mb": 1188.34765625,
  "average_latency_ms": 12395.17265345369,
  "average_throughput_tokens_per_sec": 980.681412525672,
  "total_throughput_tokens_per_sec": 695.9027568708483,
  "total_tokens": 3864374,
  "total_time_sec": 5553.037348747253,
  "batch_size": 4,
  "num_batches": 448
}