{
  "average_memory_mb": 0.0019444056919642857,
  "peak_memory_mb": 1184.41015625,
  "average_latency_ms": 6721.607984708889,
  "average_throughput_tokens_per_sec": 1851.1035876269452,
  "total_throughput_tokens_per_sec": 1648.3576347342682,
  "total_tokens": 4963667,
  "total_time_sec": 3011.280377149582,
  "batch_size": 4,
  "num_batches": 448
}