{
  "average_memory_mb": 0.009068080357142858,
  "peak_memory_mb": 1190.046875,
  "average_latency_ms": 5184.870731085539,
  "average_throughput_tokens_per_sec": 2165.7940281591723,
  "total_throughput_tokens_per_sec": 2030.5313202109603,
  "total_tokens": 4716563,
  "total_time_sec": 2322.8220875263214,
  "batch_size": 4,
  "num_batches": 448
}