{
  "average_memory_mb": 0.003984723772321429,
  "peak_memory_mb": 1184.6640625,
  "average_latency_ms": 5024.014646453516,
  "average_throughput_tokens_per_sec": 2171.914319500806,
  "total_throughput_tokens_per_sec": 2090.393470116141,
  "total_tokens": 4704971,
  "total_time_sec": 2250.7585616111755,
  "batch_size": 4,
  "num_batches": 448
}