{
  "average_memory_mb": 0.04231480189732143,
  "peak_memory_mb": 1799.9609375,
  "average_latency_ms": 7158.15985043134,
  "average_throughput_tokens_per_sec": 1150.838297613426,
  "total_throughput_tokens_per_sec": 1153.9637098116523,
  "total_tokens": 3700595,
  "total_time_sec": 3206.8556129932404,
  "batch_size": 4,
  "num_batches": 448
}